Country Name,Country Code,Indicator Name,Indicator Code,1960,1961,1962,1963,1964,1965,1966,1967,1968,1969,1970,1971,1972,1973,1974,1975,1976,1977,1978,1979,1980,1981,1982,1983,1984,1985,1986,1987,1988,1989,1990,1991,1992,1993,1994,1995,1996,1997,1998,1999,2000,2001,2002,2003,2004,2005,2006,2007,2008,2009,2010,2011,2012,2013,2014,2015,2016,2017,2018,2019,2020,2021,2022
Aruba,ABW,"Central government debt, total (% of GDP)",GC.DOD.TOTL.GD.ZS,,,,,,,,,,,,,,,,,,,,,,,,,,,,,,,,,,,,,,,,,,,,,,,,,,,,,,,,,,,,,,,
Africa Eastern and Southern,AFE,"Central government debt, total (% of GDP)",GC.DOD.TOTL.GD.ZS,,,,,,,,,,,,,,,,,,,,,,,,,,,,,,,,,,,,,,,,,,,,,,,,,,,,,,,,,,,,,,,
Afghanistan,AFG,"Central government debt, total (% of GDP)",GC.DOD.TOTL.GD.ZS,,,,,,,,,,,,,,,,,,,,,,,,,,,,,,,,,,,,,,,,,,,,,,,,,,,,,,,,,,,,,,,
Africa Western and Central,AFW,"Central government debt, total (% of GDP)",GC.DOD.TOTL.GD.ZS,,,,,,,,,,,,,,,,,,,,,,,,,,,,,,,,,,,,,,,,,,,,,,,,,,,,,,,,,,,,,,,
Angola,AGO,"Central government debt, total (% of GDP)",GC.DOD.TOTL.GD.ZS,,,,,,,,,,,,,,,,,,,,,,,,,,,,,,,,,,,,,,,,,,,,,,,,,,,,,,,,,,,,,,,
Albania,ALB,"Central government debt, total (% of GDP)",GC.DOD.TOTL.GD.ZS,,,,,,,,,,,,,,,,,,,,,,,,,,,,,,,,,,,,35.75690391,37.48106496,53.10782497,55.56570386,,,,,,,,,,,,,69.63767392,63.66915264,70.58076979,73.32022748,79.86441815,80.73558197,75.88872782,64.57038142,75.69848825,83.88749454,82.38361129,
Andorra,AND,"Central government debt, total (% of GDP)",GC.DOD.TOTL.GD.ZS,,,,,,,,,,,,,,,,,,,,,,,,,,,,,,,,,,,,,,,,,,,,,,,,,,,,,,,,,,,,,,,
Arab World,ARB,"Central government debt, total (% of GDP)",GC.DOD.TOTL.GD.ZS,,,,,,,,,,,,,,,,,,,,,,,,,,,,,,,,,,,,,,,,,,,,,,,,,,,,,,,,,,,,,,,
United Arab Emirates,ARE,"Central government debt, total (% of GDP)",GC.DOD.TOTL.GD.ZS,,,,,,,,,,,,,,,,,,,,,,,,,,,,,,,,,,,,,,,,,,,,,,,,,,,,,,1.845685137,,,,,,,,,
Argentina,ARG,"Central government debt, total (% of GDP)",GC.DOD.TOTL.GD.ZS,,,,,,,,,,,,,,,,,,,,,,,,,,,,,,,,,,,,,,,,,,,,,,,,,,,,,,,,,,,,,,,
Armenia,ARM,"Central government debt, total (% of GDP)",GC.DOD.TOTL.GD.ZS,,,,,,,,,,,,,,,,,,,,,,,,,,,,,,,,,,,,,,,,,,,,,,,,,,,,,,,,,,,,50.02842069,63.40121401,60.08035977,
American Samoa,ASM,"Central government debt, total (% of GDP)",GC.DOD.TOTL.GD.ZS,,,,,,,,,,,,,,,,,,,,,,,,,,,,,,,,,,,,,,,,,,,,,,,,,,,,,,,,,,,,,,,
Antigua and Barbuda,ATG,"Central government debt, total (% of GDP)",GC.DOD.TOTL.GD.ZS,,,,,,,,,,,,,,,,,,,,,,,,,,,,,,,,,,,,,,,,,,,,,,,,,,,,,,,,,,,,,,,
Australia,AUS,"Central government debt, total (% of GDP)",GC.DOD.TOTL.GD.ZS,,,,,,,,,,,,,,,,,,,,,,,,,,,,,,,12.22772705,11.91897352,14.14554742,17.87421126,20.18876537,21.6803201,21.81110802,20.85994269,16.87750322,31.06607034,29.52281212,27.69330593,25.8835396,25.07371362,22.86107102,22.4060503,21.43929731,20.09571882,18.1805466,23.86865497,28.66210103,30.09344793,39.4386655,37.55574996,41.71288902,46.46578853,54.64430213,53.26422179,54.42969692,60.14198669,69.21905595,69.90771702,57.97474821
Austria,AUT,"Central government debt, total (% of GDP)",GC.DOD.TOTL.GD.ZS,,,,,,,,,,,,,,,,,,,,,,,,,,,,,,,,,,,,,,,,64.21289554,64.73978224,65.1858555,67.81187325,66.79101912,66.46179758,74.30583793,70.42261078,66.75668187,71.93825775,83.33165188,85.78626983,85.69650738,90.60038781,87.69659924,95.79962927,95.08426588,94.69463696,89.40540885,84.21549189,83.09692938,99.90969797,94.53219515,
Azerbaijan,AZE,"Central government debt, total (% of GDP)",GC.DOD.TOTL.GD.ZS,,,,,,,,,,,,,,,,,,,,,,,,,,,,,,,,,,,,,,,,,,,,,,,,,4.576537975,6.295012401,6.385575792,,,,,,,,,,22.18999946,16.8224267,
Burundi,BDI,"Central government debt, total (% of GDP)",GC.DOD.TOTL.GD.ZS,,,,,,,,,,,,,,,,,,,,,,,,,,,,,,,,88.79366488,103.9915799,117.6309794,117.0125899,128.9192191,144.0976815,134.2470828,151.2772114,162.5614405,,,,,,,,,,,,,,,,,,,,,,,
Belgium,BEL,"Central government debt, total (% of GDP)",GC.DOD.TOTL.GD.ZS,,,,,,,,,,,,,,,,,,,,,,,,,,,,,,,,,,,,125.5765909,127.330165,124.1013347,126.0056648,115.1211711,109.6474721,108.9175914,108.3462015,102.1996084,98.09879706,96.75457719,89.37556635,83.47823149,91.30088439,95.9430278,93.2064544,95.57076435,104.0284993,101.564361,112.3090597,108.5913087,110.196201,103.8836279,101.3927395,103.3825108,119.2416398,108.061251,
Benin,BEN,"Central government debt, total (% of GDP)",GC.DOD.TOTL.GD.ZS,,,,,,,,,,,,,,,,,,,,,,,,,,,,,,,,,,,,,,,,,,,,,,,,,,,,,,,,,,,,,,,
Burkina Faso,BFA,"Central government debt, total (% of GDP)",GC.DOD.TOTL.GD.ZS,,,,,,,,,,,,,,,,,,,,,,,,,,,,,,,,,,,,,,,,,,,,,,,,,,,,,,,,,,,45.57386105,47.06236338,73.38519256,55.73742348,
Bangladesh,BGD,"Central government debt, total (% of GDP)",GC.DOD.TOTL.GD.ZS,,,,,,,,,,,,,,,,,,,,,,,,,,,,,,,,,,,,,,,,,,31.46184316,31.86399152,31.20445211,,,,,,,,,,,,,,,,,,,
Bulgaria,BGR,"Central government debt, total (% of GDP)",GC.DOD.TOTL.GD.ZS,,,,,,,,,,,,,,,,,,,,,,,,,,,,,,,,,,,,,,,56.74663052,66.45590597,61.57245826,61.33398316,52.88148258,47.39991863,40.17672065,31.13794004,27.73789185,24.12291284,17.96763243,20.1600091,20.58913653,19.48171787,21.79621685,22.05393932,32.50166541,30.85108005,35.54367006,32.23505414,28.69865323,26.93563884,32.2596462,32.81770854,
Bahrain,BHR,"Central government debt, total (% of GDP)",GC.DOD.TOTL.GD.ZS,,,,,,,,,,,,,,,,,,,,,,,,,,,,,,,8.727364185,16.37955868,21.29982087,19.34741472,17.88000297,16.98645162,15.81310272,16.96058238,21.16468109,23.69150527,25.74501489,27.10478363,28.37966711,32.4533576,29.3985592,,,,,,,,,,,,,,,,,,
"Bahamas, The",BHS,"Central government debt, total (% of GDP)",GC.DOD.TOTL.GD.ZS,,,,,,,,,,,,,,,,,,,,,,,,,,,,,,,24.41882502,27.97670322,30.63042779,34.43402329,34.86652347,33.99825022,34.22277639,21.7237965,20.95173286,19.64114437,18.75200428,,,,,,22.77745428,22.99085356,25.45550067,30.90820841,33.69228171,35.30642921,36.44983303,45.11000914,47.01836024,48.29444268,50.76050992,53.45515159,57.24216824,57.64017858,83.97289488,86.18723252,83.6820417
Bosnia and Herzegovina,BIH,"Central government debt, total (% of GDP)",GC.DOD.TOTL.GD.ZS,,,,,,,,,,,,,,,,,,,,,,,,,,,,,,,,,,,,,,,,,,,,,,,,,,,,45.83469429,49.09026353,49.60975139,53.50086087,,52.23812774,47.37156299,44.89324081,44.02357192,45.42163684,47.02078968,41.84713962
Belarus,BLR,"Central government debt, total (% of GDP)",GC.DOD.TOTL.GD.ZS,,,,,,,,,,,,,,,,,,,,,,,,,,,,,,,,,25.76086957,5.187817259,75.95571292,16.88006062,11.52012886,12.17146907,20.18054264,15.10311745,15.01445182,11.44061677,12.33668601,,,6.570220588,6.644401832,8.909260816,10.65663437,18.55746198,18.90524573,39.41681084,24.42931342,23.83729556,24.54880852,37.5980986,38.92409841,39.88017996,37.09564601,33.24422862,,,
Belize,BLZ,"Central government debt, total (% of GDP)",GC.DOD.TOTL.GD.ZS,,,,,,,,,,,,,,,,,,,,,,,,,,,,,,,21.24223864,21.40986609,24.62605278,26.36980688,28.05075523,27.57878886,29.36364661,,,,,,50.58769194,66.86593747,78.89862448,69.97580831,67.36618144,64.36059894,62.26725404,65.20254996,64.40432586,62.84934721,61.70439561,61.54051811,61.40752321,,,,,,,,
Bermuda,BMU,"Central government debt, total (% of GDP)",GC.DOD.TOTL.GD.ZS,,,,,,,,,,,,,,,,,,,,,,,,,,,,,,,,,,,,,,,,,,,,,,,,,,,,,,,,,,,,,,,
Bolivia,BOL,"Central government debt, total (% of GDP)",GC.DOD.TOTL.GD.ZS,,,,,,,,,,,,,,,,,,,,,,,,,,,,,,,,,,,59.17172417,57.41137939,47.88280662,46.53650541,47.07519259,56.25758298,60.10919774,68.33985276,,,,,,,,,,,,,,,,,,,,,
Brazil,BRA,"Central government debt, total (% of GDP)",GC.DOD.TOTL.GD.ZS,,,,,,,,,,,,,,,,,,,,,,,,,,,,,,,,,,,,,,,,,,,,,,,,,,,61.31878046,59.3416583,59.84949,57.22840938,58.45727111,67.53755403,73.41880381,83.66920265,86.60788412,92.56525319,98.70988195,86.0949822,80.41354898
Barbados,BRB,"Central government debt, total (% of GDP)",GC.DOD.TOTL.GD.ZS,,,,,,,,,,,,,,,,,,,,,,,,,,,,,,,,,,,,,,,,,,,,,,63.79162386,62.367187,66.82689459,71.16498392,86.87973446,95.70034834,100.2742093,112.6818619,120.2664718,129.3196536,141.1599835,146.608541,,,,,,
Brunei Darussalam,BRN,"Central government debt, total (% of GDP)",GC.DOD.TOTL.GD.ZS,,,,,,,,,,,,,,,,,,,,,,,,,,,,,,,,,,,,,,,,,,,,,,,,,,,,,,,,,,,,,,,
Bhutan,BTN,"Central government debt, total (% of GDP)",GC.DOD.TOTL.GD.ZS,,,,,,,,,,,,,,,,,,,,,,,,,,,,,,,53.34635933,49.38629265,47.48335336,40.94079631,34.44202044,28.26394923,37.85327726,31.93674677,31.08262689,36.09335891,40.48037494,72.20845404,58.1222739,70.83734938,77.45802264,81.72261948,76.8295072,64.28857447,61.91206477,58.19082377,56.21183125,64.04671854,74.2422122,98.44488536,93.1103346,88.50268416,100.7780441,95.7786811,95.84782113,90.35735791,111.0078973,,
Botswana,BWA,"Central government debt, total (% of GDP)",GC.DOD.TOTL.GD.ZS,,,,,,,,,,,,,,,,,,,,,,,,,,,,,,,11.37110325,12.11680206,12.53215057,12.44505995,12.04239764,10.97207607,11.15675555,,,,,,,,,,6.023568087,5.943176413,8.004029974,19.25178187,21.88629705,21.07436228,20.62318079,19.01638129,18.32573361,19.08697767,15.80495231,14.68076918,15.23071514,16.19390431,19.61608146,,
Central African Republic,CAF,"Central government debt, total (% of GDP)",GC.DOD.TOTL.GD.ZS,,,,,,,,,,,,,,,,,,,,,,,,,,,,,,,,,,,,,,,,,,,,,,,,,,,,,,,,,,,,,,,
Canada,CAN,"Central government debt, total (% of GDP)",GC.DOD.TOTL.GD.ZS,,,,,,,,,,,,,,,,,,,,,,,,,,,,,,,,,,,,77.31262198,78.03866793,74.92840957,72.48279976,66.24583175,58.73797424,57.45835645,54.14911949,51.27133706,46.80098583,46.06165142,43.29167819,39.15856395,45.32051127,53.19244667,53.14973296,54.11938584,55.72516494,53.20086908,51.48270813,55.99158378,56.0236244,54.46256518,53.15153565,53.36232469,74.91995451,71.28650655,62.09423049
Central Europe and the Baltics,CEB,"Central government debt, total (% of GDP)",GC.DOD.TOTL.GD.ZS,,,,,,,,,,,,,,,,,,,,,,,,,,,,,,,,,,,,,,,,,,,,,,,,,,,,,,,,,,,,,,,
Switzerland,CHE,"Central government debt, total (% of GDP)",GC.DOD.TOTL.GD.ZS,,,,,,,,,,,,,,,,,,,,,,,,,,,,,,,12.32532176,13.04436452,15.23163907,18.44454813,20.06802587,22.49520878,22.90443587,24.9237649,27.1341876,25.00565488,25.77790616,24.70277358,29.74298448,28.80288908,29.36536952,29.39717832,25.76835389,23.65582945,23.0826539,21.70163739,20.99356622,21.14200705,21.34449593,20.21815744,20.61124279,20.43929496,19.38099266,20.28441183,18.67811857,18.95425981,20.85210767,19.98582518,
Channel Islands,CHI,"Central government debt, total (% of GDP)",GC.DOD.TOTL.GD.ZS,,,,,,,,,,,,,,,,,,,,,,,,,,,,,,,,,,,,,,,,,,,,,,,,,,,,,,,,,,,,,,,
Chile,CHL,"Central government debt, total (% of GDP)",GC.DOD.TOTL.GD.ZS,,,,,,,,,,,,,,,,,,,,,,,,,,,,,,,,,,,,17.37231577,14.58447614,12.77982318,12.1152964,13.27700701,13.14564,,,,,,,,,,,,,,,,,,,,,,
China,CHN,"Central government debt, total (% of GDP)",GC.DOD.TOTL.GD.ZS,,,,,,,,,,,,,,,,,,,,,,,,,,,,,,,,,,,,,,,,,,,,,,,,,,,,,,,,,,,,,,,
Cote d'Ivoire,CIV,"Central government debt, total (% of GDP)",GC.DOD.TOTL.GD.ZS,,,,,,,,,,,,,,,,,,,,,,,,,,,,,,,,,,,,171.0654426,,,,,,,,,,,,,,,,,,,,,,,,,,,
Cameroon,CMR,"Central government debt, total (% of GDP)",GC.DOD.TOTL.GD.ZS,,,,,,,,,,,,,,,,,,,,,,,,,,,,,,,35.6686948,48.8665342,58.64613734,48.59731537,106.5005227,106.2809792,,,84.81026402,79.4576584,,,,,,,,,,,,,,,,,,,,,,,
"Congo, Dem. Rep.",COD,"Central government debt, total (% of GDP)",GC.DOD.TOTL.GD.ZS,,,,,,,,,,,,,,,,,,,,,,,,,,,,,,,289.8447271,113.5846667,128.4447081,104.0021075,169.7866114,232.9362311,243.5955063,152.1870019,,,,,,,,,,,,,,,,,,,,,,,,,
"Congo, Rep.",COG,"Central government debt, total (% of GDP)",GC.DOD.TOTL.GD.ZS,,,,,,,,,,,,,,,,,,,,,,,,,,,,,,,,,,,,,,,,,,,,,,,,,,60.22694172,25.48268447,,,,,,,,,,,,
Colombia,COL,"Central government debt, total (% of GDP)",GC.DOD.TOTL.GD.ZS,,,,,,,,,,,,,,,,,,,,,,,,,,,,,,,,,,,,,,,5.403915491,19.06535087,17.70902168,,,52.53541953,,,,,65.24508031,68.99900334,72.45266993,62.86013282,65.22769588,67.10291195,47.97616952,53.27858747,66.90716091,66.72724785,71.65057025,72.70387858,91.2232105,80.36988627,70.48877228
Comoros,COM,"Central government debt, total (% of GDP)",GC.DOD.TOTL.GD.ZS,,,,,,,,,,,,,,,,,,,,,,,,,,,,,,,,,,,,,,,,,,,,,,,,,,,,,,,,,,,,,,,
Cabo Verde,CPV,"Central government debt, total (% of GDP)",GC.DOD.TOTL.GD.ZS,,,,,,,,,,,,,,,,,,,,,,,,,,,,,,,,,,,,,,,,,,,,,,,,,,,,,,,,,,,,,,,
Costa Rica,CRI,"Central government debt, total (% of GDP)",GC.DOD.TOTL.GD.ZS,,,,,,,,,,,,,,,,,,,,,,,,,,,,,,,,,,,,,30.09821118,30.17903086,40.20510243,40.1048029,38.50184887,39.33511191,,,,,,,,,,,,,,,,,,,,,
Caribbean small states,CSS,"Central government debt, total (% of GDP)",GC.DOD.TOTL.GD.ZS,,,,,,,,,,,,,,,,,,,,,,,,,,,,,,,,,,,,,,,,,,,,,,,47.97216239,46.84165559,,,,,,,,,,,,,,,
Cuba,CUB,"Central government debt, total (% of GDP)",GC.DOD.TOTL.GD.ZS,,,,,,,,,,,,,,,,,,,,,,,,,,,,,,,,,,,,,,,,,,,,,,,,,,,,,,,,,,,,,,,
Curacao,CUW,"Central government debt, total (% of GDP)",GC.DOD.TOTL.GD.ZS,,,,,,,,,,,,,,,,,,,,,,,,,,,,,,,,,,,,,,,,,,,,,,,,,,,,,,,,,,,,,,,
Cayman Islands,CYM,"Central government debt, total (% of GDP)",GC.DOD.TOTL.GD.ZS,,,,,,,,,,,,,,,,,,,,,,,,,,,,,,,,,,,,,,,,,,,,,,,,,,,,,,,,,,,,,,,
Cyprus,CYP,"Central government debt, total (% of GDP)",GC.DOD.TOTL.GD.ZS,,,,,,,,,,,,,,,,,,,,,,,,,,,,,,,86.61874584,96.3842337,95.8339898,100.3304423,91.66831341,,,,,,,,,,,,,,,,,,,,,,,,,,,,
Czechia,CZE,"Central government debt, total (% of GDP)",GC.DOD.TOTL.GD.ZS,,,,,,,,,,,,,,,,,,,,,,,,,,,,,,,,,,15.84093079,14.09637681,,,,,,,,,,,,,,,,,,,,,,,,,,,,
Germany,DEU,"Central government debt, total (% of GDP)",GC.DOD.TOTL.GD.ZS,,,,,,,,,,,,,,,,,,,,,,,,,,,,,,,20.93058961,,,,,,,,,,,,,,,,,,,,,,,,,,,,,,,,
Djibouti,DJI,"Central government debt, total (% of GDP)",GC.DOD.TOTL.GD.ZS,,,,,,,,,,,,,,,,,,,,,,,,,,,,,,,,,,,,,,,,,,,,,,,,,,,,,,,,,,,,,,,
Dominica,DMA,"Central government debt, total (% of GDP)",GC.DOD.TOTL.GD.ZS,,,,,,,,,,,,,,,,,,,,,,,,,,,,,,,,,,,,,,,,,,,,,,,,,,,,,,,,,,,,,,,
Denmark,DNK,"Central government debt, total (% of GDP)",GC.DOD.TOTL.GD.ZS,,,,,,,,,,,,,,,,,,,,,,,,,,,,,,,,62.13537155,66.6274703,78.23914946,75.26157028,,,,,,,,,,,,,,,,,,,,,,,,,,,,
Dominican Republic,DOM,"Central government debt, total (% of GDP)",GC.DOD.TOTL.GD.ZS,,,,,,,,,,,,,,,,,,,,,,,,,,,,,,,,,,,,,20.96018308,17.5702325,,16.41680384,,,,,,,,,,,,,,,,,,,,,,,
Algeria,DZA,"Central government debt, total (% of GDP)",GC.DOD.TOTL.GD.ZS,,,,,,,,,,,,,,,,,,,,,,,,,,,,,,,,,,,,,,,,,,,,,,,,,,,,,,,,,,,,,,,
East Asia & Pacific (excluding high income),EAP,"Central government debt, total (% of GDP)",GC.DOD.TOTL.GD.ZS,,,,,,,,,,,,,,,,,,,,,,,,,,,,,,,,,,,,,,,,,,,,,,,,,,,,,,,,,,,,,,,
Early-demographic dividend,EAR,"Central government debt, total (% of GDP)",GC.DOD.TOTL.GD.ZS,,,,,,,,,,,,,,,,,,,,,,,,,,,,,,,,,,,,,,,43.27128795,,,,,,,,,,,,,,,,,,,,,,,,
East Asia & Pacific,EAS,"Central government debt, total (% of GDP)",GC.DOD.TOTL.GD.ZS,,,,,,,,,,,,,,,,,,,,,,,,,,,,,,,,,,,,,,,,,,,,,,,,,,,,,,,,,,,,,,,
Europe & Central Asia (excluding high income),ECA,"Central government debt, total (% of GDP)",GC.DOD.TOTL.GD.ZS,,,,,,,,,,,,,,,,,,,,,,,,,,,,,,,,,,,,,,,100.4105833,,,,,,,,,,18.00086951,22.3894353,20.9938133,20.09489653,19.46990128,18.16659525,20.5338497,21.9285243,22.812413,23.57249091,23.11273256,24.64041574,30.92378187,28.69013842,
Europe & Central Asia,ECS,"Central government debt, total (% of GDP)",GC.DOD.TOTL.GD.ZS,,,,,,,,,,,,,,,,,,,,,,,,,,,,,,,,,,,,,,,,,,,,,,,,,,,,,,,,,,,,,,,
Ecuador,ECU,"Central government debt, total (% of GDP)",GC.DOD.TOTL.GD.ZS,,,,,,,,,,,,,,,,,,,,,,,,,,,,,,,,,,,,,,,,,,,,,,,,,,,,,,,,,,,,,,,
"Egypt, Arab Rep.",EGY,"Central government debt, total (% of GDP)",GC.DOD.TOTL.GD.ZS,,,,,,,,,,,,,,,,,,,,,,,,,,,,,,,,,,,,,,,,,,,,,,,,85.78853383,,,,,,,,,,,,,,,
Euro area,EMU,"Central government debt, total (% of GDP)",GC.DOD.TOTL.GD.ZS,,,,,,,,,,,,,,,,,,,,,,,,,,,,,,,,,,,,,,,,,,,,,,,,,,,,,,,,,,,,,,,
Eritrea,ERI,"Central government debt, total (% of GDP)",GC.DOD.TOTL.GD.ZS,,,,,,,,,,,,,,,,,,,,,,,,,,,,,,,,,,,,,,,,,,,,,,,,,,,,,,,,,,,,,,,
Spain,ESP,"Central government debt, total (% of GDP)",GC.DOD.TOTL.GD.ZS,,,,,,,,,,,2002.510415,1767.385574,,,,,,,,,,,,,,,,,,,35.13232241,35.16511727,36.98413353,46.69882232,48.10463682,57.88357149,64.2155121,64.00972094,64.25782547,59.15738053,56.41656756,51.99516701,50.16536985,45.49913848,43.4691213,40.26751027,35.78905763,31.79219514,35.7977494,48.3646993,50.16780071,58.05764995,77.80506718,92.31229443,105.5729617,105.3954767,106.7808554,107.2863711,107.9745073,112.0506343,140.2680363,134.102137,
Estonia,EST,"Central government debt, total (% of GDP)",GC.DOD.TOTL.GD.ZS,,,,,,,,,,,,,,,,,,,,,,,,,,,,,,,,,,,,,,,6.909220025,7.841843336,4.066987003,3.811326323,4.429484901,4.86252614,5.273353741,5.181045677,4.944383971,4.229534012,5.058350961,8.224680467,7.897645108,5.991393308,13.55217445,13.79847604,13.95485067,13.12274003,14.07077738,13.42557616,13.45856977,14.05308354,23.75570463,23.66742118,
Ethiopia,ETH,"Central government debt, total (% of GDP)",GC.DOD.TOTL.GD.ZS,,,,,,,,,,,,,,,,,,,,,,,,,,,,,,,48.35295692,50.88587876,44.38117357,73.28743449,92.50415494,82.62967636,72.15000936,69.42168706,77.96167911,85.55469792,,,,,,,,,,,,,,10.73328378,26.93727974,27.94312504,29.00569007,30.0951132,32.5332185,31.44884867,,,
European Union,EUU,"Central government debt, total (% of GDP)",GC.DOD.TOTL.GD.ZS,,,,,,,,,,,,,,,,,,,,,,,,,,,,,,,,,,,,,,,,,,,,,,,,,,,,,,,,,,,,,,,
Fragile and conflict affected situations,FCS,"Central government debt, total (% of GDP)",GC.DOD.TOTL.GD.ZS,,,,,,,,,,,,,,,,,,,,,,,,,,,,,,,,,,,,,,,,,,,,,,,,,,,,,,,,,,,,,,,
Finland,FIN,"Central government debt, total (% of GDP)",GC.DOD.TOTL.GD.ZS,,,,,,,,,,,,,,,,,,,,,,,,,,,,,,,10.47561955,17.0154335,34.1069451,51.62475302,58.2474104,,,,,,,,,,,,,,,,,,,,,,,,,,,,
Fiji,FJI,"Central government debt, total (% of GDP)",GC.DOD.TOTL.GD.ZS,,,,,,,,,,,,,,,,,,,,,,,,,,,,,,,,36.84182174,33.67358458,36.53835481,36.62825932,,,,,,,,,,,,,,,,,,,,,,,,,,,,
France,FRA,"Central government debt, total (% of GDP)",GC.DOD.TOTL.GD.ZS,,,,,,,,,,,,,,,,,,,,,,,,,,,,,,,,,,,,,,,62.36396883,59.1702064,58.29925233,57.81887921,61.17654987,63.67355424,64.64241302,65.61117387,60.97429268,59.48742119,65.37256949,77.94778204,80.30129971,82.29224206,90.2797486,90.96854367,97.55438385,97.98033326,102.2620449,102.2152651,101.6221344,104.9611611,122.8904856,116.4888706,
Faroe Islands,FRO,"Central government debt, total (% of GDP)",GC.DOD.TOTL.GD.ZS,,,,,,,,,,,,,,,,,,,,,,,,,,,,,,,,,,,,,,,,,,,,,,,,,,,,,,,,,,,,,,,
"Micronesia, Fed. Sts.",FSM,"Central government debt, total (% of GDP)",GC.DOD.TOTL.GD.ZS,,,,,,,,,,,,,,,,,,,,,,,,,,,,,,,,,,,,,,,,,,,,,,,,,26.60897543,25.44162184,24.15488134,25.2019617,27.11517204,26.32302411,23.38973481,29.94314479,25.39177741,30.93653993,23.11235673,22.87420433,25.40451299,,
Gabon,GAB,"Central government debt, total (% of GDP)",GC.DOD.TOTL.GD.ZS,,,,,,,,,,,,,,,,,,,,,,,,,,,,,,,,,,,,,,,,,,,,,,,,,,,,,,,,,,,,,,,
United Kingdom,GBR,"Central government debt, total (% of GDP)",GC.DOD.TOTL.GD.ZS,,,,,,,,,,,,,,,,,,,,,,,,,,,,,,,30.20337095,29.19489603,30.39975006,35.31355001,40.48008846,88.53758606,87.53616786,88.60987723,90.36555797,87.46520482,87.47856011,84.23868043,86.2746645,86.56819255,90.38594868,92.04403363,92.05706646,93.70240387,105.3128765,123.6375599,131.0027086,143.6788384,146.9772395,141.6321565,150.6012841,147.9612054,156.6171682,161.2839871,158.1780269,160.337362,195.8849739,185.3526082,
Georgia,GEO,"Central government debt, total (% of GDP)",GC.DOD.TOTL.GD.ZS,,,,,,,,,,,,,,,,,,,,,,,,,,,,,,,,,,,,61.05163487,46.40299858,45.9022152,56.90647339,60.77760333,58.51963396,56.0323644,55.44930258,45.50740883,36.91560722,29.22923354,23.09008767,19.20406266,23.47325543,30.85677749,31.89225355,28.37154172,28.79609803,29.49942469,30.97609562,36.65065567,40.26872419,39.39246742,38.88774288,45.15350593,65.8844131,55.38443198,43.32274013
Ghana,GHA,"Central government debt, total (% of GDP)",GC.DOD.TOTL.GD.ZS,,,,,,,,,,,,,,,,,,,,,,,,,,,,,,,,,,,,,,,,,,,,,,,,,,,,,,,,,,,,,,,
Gibraltar,GIB,"Central government debt, total (% of GDP)",GC.DOD.TOTL.GD.ZS,,,,,,,,,,,,,,,,,,,,,,,,,,,,,,,,,,,,,,,,,,,,,,,,,,,,,,,,,,,,,,,
Guinea,GIN,"Central government debt, total (% of GDP)",GC.DOD.TOTL.GD.ZS,,,,,,,,,,,,,,,,,,,,,,,,,,,,,,,,,,,,,,,,,,,,,,,,,,,,,,,,,,,,,,,
"Gambia, The",GMB,"Central government debt, total (% of GDP)",GC.DOD.TOTL.GD.ZS,,,,,,,,,,,,,,,,,,,,,,,,,,,,,,,,,,,,,,,,,,,,,,,,,,,,,,,,,,,,,,,
Guinea-Bissau,GNB,"Central government debt, total (% of GDP)",GC.DOD.TOTL.GD.ZS,,,,,,,,,,,,,,,,,,,,,,,,,,,,,,,,,,,,,,,,,,,,,,,,,,,,,,,,,,,,,,,
Equatorial Guinea,GNQ,"Central government debt, total (% of GDP)",GC.DOD.TOTL.GD.ZS,,,,,,,,,,,,,,,,,,,,,,,,,,,,,,,,,,,,,,,,,,,,,,,,,,,,,,,,,,,,,,,
Greece,GRC,"Central government debt, total (% of GDP)",GC.DOD.TOTL.GD.ZS,,,,,,,,,,,,,,,,,,,,,,,,,,,,,,,,,,,,,,109.6488573,108.066837,109.0266289,119.4314572,123.5990185,125.626343,120.6540829,126.6596579,127.5480281,126.5730585,123.820896,127.1583264,143.9804531,136.6022242,116.2115936,168.0272011,185.7438261,189.294441,189.159421,194.6201975,198.965312,208.807531,212.3623143,253.1199311,237.3528786,
Grenada,GRD,"Central government debt, total (% of GDP)",GC.DOD.TOTL.GD.ZS,,,,,,,,,,,,,,,,,,,,,,,,,,,,,,,,,,,,,,,,,,,,,,,,,,,,,,,,,,,,,,,
Greenland,GRL,"Central government debt, total (% of GDP)",GC.DOD.TOTL.GD.ZS,,,,,,,,,,,,,,,,,,,,,,,,,,,,,,,,,,,,,,,,,,,,,,,,,,,,,,,,,,,,,,,
Guatemala,GTM,"Central government debt, total (% of GDP)",GC.DOD.TOTL.GD.ZS,,,,,,,,,,,,,,,,,,,,,,,,,,,,,,,24.48068514,17.75179131,15.83121931,13.62250812,13.16194904,11.40499902,11.24183287,11.34521767,11.28016784,13.47018859,16.98382301,20.26902332,18.69247732,21.03844097,22.14445739,21.60212014,22.23477296,21.98699753,20.38340804,23.3939732,24.81695941,24.56395978,24.70074241,25.20994956,,,,,,,,,
Guam,GUM,"Central government debt, total (% of GDP)",GC.DOD.TOTL.GD.ZS,,,,,,,,,,,,,,,,,,,,,,,,,,,,,,,,,,,,,,,,,,,,,,,,,,,,,,,,,,,,,,,
Guyana,GUY,"Central government debt, total (% of GDP)",GC.DOD.TOTL.GD.ZS,,,,,,,,,,,,,,,,,,,,,,,,,,,,,,,,,,,,,,,,,,,,,,,,,,,,,,,,,,,,,,,
High income,HIC,"Central government debt, total (% of GDP)",GC.DOD.TOTL.GD.ZS,,,,,,,,,,,,,,,,,,,,,,,,,,,,,,,36.36756619,39.98914417,42.06826386,42.82587421,45.08450963,52.99429307,54.08916244,54.0529936,55.82312454,54.82181478,52.67544523,62.2781747,64.40538189,66.72009595,67.5278273,67.63074041,65.96938051,65.81832614,72.88574915,85.24721342,91.21310531,97.26394503,100.3743574,100.6744342,104.539692,105.1324766,107.3073294,106.9135505,107.6608964,109.4929244,131.5078831,127.0969632,
"Hong Kong SAR, China",HKG,"Central government debt, total (% of GDP)",GC.DOD.TOTL.GD.ZS,,,,,,,,,,,,,,,,,,,,,,,,,,,,,,,,,,,,,,,,,,,,,,,,,,,,,,,,,,,,,,,
Honduras,HND,"Central government debt, total (% of GDP)",GC.DOD.TOTL.GD.ZS,,,,,,,,,,,,,,,,,,,,,,,,,,,,,,,,,,,,,,,,,,,,,,,,,,,,,,,,,,,,,,,
Heavily indebted poor countries (HIPC),HPC,"Central government debt, total (% of GDP)",GC.DOD.TOTL.GD.ZS,,,,,,,,,,,,,,,,,,,,,,,,,,,,,,,,,,,,,,,,,,,,,,,,,,,,,,,,,,,,,,,
Croatia,HRV,"Central government debt, total (% of GDP)",GC.DOD.TOTL.GD.ZS,,,,,,,,,,,,,,,,,,,,,,,,,,,,,,,,,,,,,,,,28.53792521,34.25029485,41.19732372,40.59176617,42.68488207,44.82197802,45.76526529,43.38583859,43.25889917,45.66543724,56.31935243,65.52389976,72.10689905,76.58872117,87.66068258,93.54175174,95.87762257,93.49656102,86.96982199,83.82800703,81.67705896,98.77912005,90.99850118,
Haiti,HTI,"Central government debt, total (% of GDP)",GC.DOD.TOTL.GD.ZS,,,,,,,,,,,,,,,,,,,,,,,,,,,,,,,,,,,,,,,,,,,,,,,,,,,,,,,,,,,,,,,
Hungary,HUN,"Central government debt, total (% of GDP)",GC.DOD.TOTL.GD.ZS,,,,,,,,,,,,,,,,,,,,,,,,,,,,,,,,71.22759326,75.47569118,86.11350849,83.31873999,86.11386343,75.00998623,67.31687826,64.16309276,66.7855663,61.21142427,59.36569321,59.01467369,59.76332162,63.00795275,65.22712625,68.3849879,69.14049228,72.65185206,81.1091689,81.28171515,90.5625449,94.14751321,94.73319021,98.67133092,96.39735356,96.77762377,91.98722477,86.54990434,83.36715842,96.00468523,87.00239046,
IBRD only,IBD,"Central government debt, total (% of GDP)",GC.DOD.TOTL.GD.ZS,,,,,,,,,,,,,,,,,,,,,,,,,,,,,,,,,,,,,,,,,,,,,,,,,,,,,,,,,,,,,,,
IDA & IBRD total,IBT,"Central government debt, total (% of GDP)",GC.DOD.TOTL.GD.ZS,,,,,,,,,,,,,,,,,,,,,,,,,,,,,,,,,,,,,,,,,,,,,,,,,,,,,,,,,,,,,,,
IDA total,IDA,"Central government debt, total (% of GDP)",GC.DOD.TOTL.GD.ZS,,,,,,,,,,,,,,,,,,,,,,,,,,,,,,,,,,,,,,,,,,,,,,,,,,,,,,,,,,,,,,,
IDA blend,IDB,"Central government debt, total (% of GDP)",GC.DOD.TOTL.GD.ZS,,,,,,,,,,,,,,,,,,,,,,,,,,,,,,,,,,,,,,,,,,,,,,,,,,,,,,,,,,,,,,,
Indonesia,IDN,"Central government debt, total (% of GDP)",GC.DOD.TOTL.GD.ZS,,,,,,,,,,,,,,,,,,,,,,,,,,,,,,,45.74145233,40.27562957,42.70935743,37.49759685,36.57059016,30.80432488,23.92314221,72.48531853,55.20408766,45.20796711,,,32.22412653,29.71739625,,,,,34.22502821,29.99730638,26.16615928,24.86514467,25.03440084,27.78192722,27.4216122,30.30912614,31.36619071,32.42906712,33.13941924,33.72915562,42.90179665,44.40397558,
IDA only,IDX,"Central government debt, total (% of GDP)",GC.DOD.TOTL.GD.ZS,,,,,,,,,,,,,,,,,,,,,,,,,,,,,,,,,,,,,,,,,,,,,,,,,,,,,,,,,,,,,,,
Isle of Man,IMN,"Central government debt, total (% of GDP)",GC.DOD.TOTL.GD.ZS,,,,,,,,,,,,,,,,,,,,,,,,,,,,,,,,,,,,,,,,,,,,,,,,,,,,,,,,,,,,,,,
India,IND,"Central government debt, total (% of GDP)",GC.DOD.TOTL.GD.ZS,,,,,,,,,,,,,,,,,,,,,,,,,,,,,,,50.78325379,50.01008036,49.68090136,51.75980829,49.5942827,47.4916413,45.7233077,50.36543613,50.31921817,51.35295144,55.0042465,59.0179098,62.55277129,62.1900539,62.59297674,62.2265261,59.66673028,57.49753639,57.29221428,55.25644611,51.5919103,51.55655366,50.67803055,50.31182736,49.90092487,49.96471839,47.63375559,47.58360938,46.52249866,,,,
Not classified,INX,"Central government debt, total (% of GDP)",GC.DOD.TOTL.GD.ZS,,,,,,,,,,,,,,,,,,,,,,,,,,,,,,,,,,,,,,,,,,,,,,,,,,,,,,,,,,,,,,,
Ireland,IRL,"Central government debt, total (% of GDP)",GC.DOD.TOTL.GD.ZS,,,,,,,,,,,,,,,,,,,,,,,,,,,,,,,,,,,,,,,60.00933921,49.14186984,38.14174826,35.00719892,33.67993331,32.36709594,30.82107712,30.7738803,27.0392688,26.9930294,46.62516509,66.62175036,82.49169608,111.5708781,130.0165371,131.9085104,120.9700466,88.37873319,85.48452564,76.45137601,74.99816013,69.6037208,71.27814814,64.22585458,
"Iran, Islamic Rep.",IRN,"Central government debt, total (% of GDP)",GC.DOD.TOTL.GD.ZS,,,,,,,,,,,,,,,,,,,,,,,,,,,,,,,,,,,,,,,0,,,,,,,,,,,,,,,,,,,,,,,,
Iraq,IRQ,"Central government debt, total (% of GDP)",GC.DOD.TOTL.GD.ZS,,,,,,,,,,,,,,,,,,,,,,,,,,,,,,,,,,,,,,,,,,,,,,,,,,,,,,,,27.39189089,29.47606783,35.86300616,27.43824837,,,,
Iceland,ISL,"Central government debt, total (% of GDP)",GC.DOD.TOTL.GD.ZS,,,,,,,,,,,,,,,,,,,,,,,,,,,,,,,29.91436565,31.31516329,37.64887791,43.06175493,44.10450345,46.34465767,45.69883498,68.46571755,63.17670298,59.15767935,58.25802059,60.28438052,56.29940624,54.44463383,48.27972429,84.71765917,86.9818397,84.26241869,129.7384322,145.7459808,150.6338125,156.9159182,152.7396245,140.9545802,135.7965219,117.3708396,103.3624232,90.4444869,81.96219674,90.11418947,100.6148294,96.68029497,88.46074434
Israel,ISR,"Central government debt, total (% of GDP)",GC.DOD.TOTL.GD.ZS,,,,,,,,,,,,,,,,,,,,,,,,,,,,,,,,,,,,99.85811749,98.69719063,93.88538216,94.83405991,88.60319026,,,,,,,,,,,,,,,,,,,,,,,
Italy,ITA,"Central government debt, total (% of GDP)",GC.DOD.TOTL.GD.ZS,,,,,,,,,,,,,,,,,,,,,,,,,,,,,,,,71.42308813,77.46365903,,,,,,,,,,,,,,,,,,,,,,,,,,,,,,
Jamaica,JAM,"Central government debt, total (% of GDP)",GC.DOD.TOTL.GD.ZS,,,,,,,,,,,,,,,,,,,,,,,,,,,,,,,138.7413276,232.8322106,123.6069513,112.1971751,94.66074289,83.86118418,72.25219524,73.70000908,81.6705597,88.96364365,98.33415571,117.5350336,127.777467,127.4332556,122.0080686,121.0024762,117.6988115,112.9899902,120.3398246,134.6787698,136.2243349,133.9784598,137.9346699,135.885095,132.4138905,124.6483008,122.6557478,102.4636034,,92.24644845,106.282373,,
Jordan,JOR,"Central government debt, total (% of GDP)",GC.DOD.TOTL.GD.ZS,,,,,,,,,,,,,,,,,,,,,,,,,,,,,,,128.7946833,129.9996619,152.6010968,125.609618,116.4459642,105.0628884,106.234221,100.3854165,101.1725908,99.90585466,93.71097071,90.82656316,85.07403591,88.9183394,89.02223486,79.9498073,72.62491335,69.95952618,55.06605258,59.22146688,59.77108436,60.42177199,65.35061394,73.72381225,77.71399175,78.86144967,74.07186077,75.38050205,,79.345191,75.96607269,,
Japan,JPN,"Central government debt, total (% of GDP)",GC.DOD.TOTL.GD.ZS,,,,,,,,,,,,,,,,,,,,,,,,,,,,,,,52.01269209,38.17618736,38.91493435,42.11594183,55.11190585,60.77122237,65.41006169,72.99671748,80.47828377,90.65379413,98.93382307,102.846758,111.8762497,121.9153209,127.5476298,128.2074929,128.5996679,132.2220465,138.5742742,156.9844853,160.4980984,175.5676412,183.7062093,186.5642973,192.1128503,194.584024,193.2302909,193.4871708,197.3346932,198.0170845,216.0623497,217.6142239,
Kazakhstan,KAZ,"Central government debt, total (% of GDP)",GC.DOD.TOTL.GD.ZS,,,,,,,,,,,,,,,,,,,,,,,,,,,,,,,,,,,,,,,,,,,,,,,,,,,9.522963251,8.801310072,10.49811385,10.84063915,12.64696963,19.30791606,16.76942527,16.93035826,21.99223694,18.48304695,23.7157605,22.41204058,
Kenya,KEN,"Central government debt, total (% of GDP)",GC.DOD.TOTL.GD.ZS,,,,,,,,,,,,,,,,,,,,,,,,,,,,,,,,,,,,,,,,,,,,,,,,,,,,,,,,,,,,,,,
Kyrgyz Republic,KGZ,"Central government debt, total (% of GDP)",GC.DOD.TOTL.GD.ZS,,,,,,,,,,,,,,,,,,,,,,,,,,,,,,,,,,,,,,,,,,,,,,,,,,,,,,,53.88932702,72.45655758,60.47351087,60.91822868,51.65678584,51.33253784,67.95622229,56.36236946,
Cambodia,KHM,"Central government debt, total (% of GDP)",GC.DOD.TOTL.GD.ZS,,,,,,,,,,,,,,,,,,,,,,,,,,,,,,,,,,,,,,,,,,,,,,,,,,,,,,,,,,,,,,,
Kiribati,KIR,"Central government debt, total (% of GDP)",GC.DOD.TOTL.GD.ZS,,,,,,,,,,,,,,,,,,,,,,,,,,,,,,,,,,,,,,,,,,,,,,,,,,,,,,,,,,,,,,,
St. Kitts and Nevis,KNA,"Central government debt, total (% of GDP)",GC.DOD.TOTL.GD.ZS,,,,,,,,,,,,,,,,,,,,,,,,,,,,,,,,,,,,,,,,,,,79.26880958,92.30854203,90.82805433,92.32122914,84.65906478,97.04632281,92.48170725,100.7544759,104.8779096,103.0095905,96.86205705,67.10213274,57.60253347,,,,,,,,
"Korea, Rep.",KOR,"Central government debt, total (% of GDP)",GC.DOD.TOTL.GD.ZS,,,,,,,,,,,,,,,,,,,,,,,,,,,,,,,7.442801569,10.24286017,9.99384595,9.200418933,8.178936862,7.216889769,6.862980184,8.679860473,,,,,,,,,,,,,,,32.40902058,34.9298593,36.50026402,37.49295711,38.06551416,37.34863514,37.55564318,39.96948014,46.43159664,48.95527864,
Kuwait,KWT,"Central government debt, total (% of GDP)",GC.DOD.TOTL.GD.ZS,,,,,,,,,,,,,,,,,,,,,,,,,,,,,,,,,,,,,,,,,,,,,,,,,,,,,,,,,,,,,,,
Latin America & Caribbean (excluding high income),LAC,"Central government debt, total (% of GDP)",GC.DOD.TOTL.GD.ZS,,,,,,,,,,,,,,,,,,,,,,,,,,,,,,,,,,,,,,,,,,,,,,,,,,,,,,,,,,,,71.01908096,77.94894263,69.82769974,
Lao PDR,LAO,"Central government debt, total (% of GDP)",GC.DOD.TOTL.GD.ZS,,,,,,,,,,,,,,,,,,,,,,,,,,,,,,,,,,,,,,,,,,,,,,,,,,,,,,,,,,,,,,,
Lebanon,LBN,"Central government debt, total (% of GDP)",GC.DOD.TOTL.GD.ZS,,,,,,,,,,,,,,,,,,,,,,,,,,,,,,,,,,,,,,96.90886598,106.9570538,128.6412691,,,,,,,,,,,,,,,,,,,,,,,
Liberia,LBR,"Central government debt, total (% of GDP)",GC.DOD.TOTL.GD.ZS,,,,,,,,,,,,,,,,,,,,,,,,,,,,,,,,,,,,,,,,,,,,,,,,,,,,21.73060884,20.31799525,,,,,,,,,,
Libya,LBY,"Central government debt, total (% of GDP)",GC.DOD.TOTL.GD.ZS,,,,,,,,,,,,,,,,,,,,,,,,,,,,,,,,,,,,,,,,,,,,,,,,,,,,,,,,,,,,,,,
St. Lucia,LCA,"Central government debt, total (% of GDP)",GC.DOD.TOTL.GD.ZS,,,,,,,,,,,,,,,,,,,,,,,,,,,,,,,,,,,,,,,,,30.8776807,40.07053942,50.03292181,48.51837959,49.58333333,52.03522505,47.19573744,45.29805321,41.63453013,43.39770236,45.85702721,,,,,,,,,,,,
Latin America & Caribbean,LCN,"Central government debt, total (% of GDP)",GC.DOD.TOTL.GD.ZS,,,,,,,,,,,,,,,,,,,,,,,,,,,,,,,,,,,,,,,,,,,,,,,,,,,,,,,,,,,,70.70413625,77.7274419,69.87232489,
Least developed countries: UN classification,LDC,"Central government debt, total (% of GDP)",GC.DOD.TOTL.GD.ZS,,,,,,,,,,,,,,,,,,,,,,,,,,,,,,,,,,,,,,,,,,,,,,,,,,,,,,,,,,,,,,,
Low income,LIC,"Central government debt, total (% of GDP)",GC.DOD.TOTL.GD.ZS,,,,,,,,,,,,,,,,,,,,,,,,,,,,,,,,,,,,,,,,,,,,,,,,,,,,,,,,,,,,,,,
Liechtenstein,LIE,"Central government debt, total (% of GDP)",GC.DOD.TOTL.GD.ZS,,,,,,,,,,,,,,,,,,,,,,,,,,,,,,,,,,,,,,,,,,,,,,,,,,,,,,,,,,,,,,,
Sri Lanka,LKA,"Central government debt, total (% of GDP)",GC.DOD.TOTL.GD.ZS,,,,,,,,,,,,,,,,,,,,,,,,,,,,,,,96.58062551,98.48339578,95.36191195,96.7978141,94.85532323,94.6498206,92.34398434,86.10593167,89.19582391,95.10815461,96.90403265,103.2192741,105.5249908,102.270712,102.3285367,90.60491311,88.69948412,84.99441695,,86.06349191,69.25302518,68.52573941,66.74723537,68.35361656,68.59104233,73.51265916,,,,,,,
Lower middle income,LMC,"Central government debt, total (% of GDP)",GC.DOD.TOTL.GD.ZS,,,,,,,,,,,,,,,,,,,,,,,,,,,,,,,,,,,,,,,,,,,,,,,,,,,,,,,,,,,,,,,
Low & middle income,LMY,"Central government debt, total (% of GDP)",GC.DOD.TOTL.GD.ZS,,,,,,,,,,,,,,,,,,,,,,,,,,,,,,,,,,,,,,,,,,,,,,,,,,,,,,,,,,,,,,,
Lesotho,LSO,"Central government debt, total (% of GDP)",GC.DOD.TOTL.GD.ZS,,,,,,,,,,,,,,,,,,,,,,,,,,,,,,,,,,,,,,,,,,,,,,,,,37.51718539,41.69057226,29.56359928,27.13089059,32.18378734,33.20863498,33.01749279,33.13838462,41.7230777,37.37703511,32.84471435,32.55837137,2.97229109,,
Late-demographic dividend,LTE,"Central government debt, total (% of GDP)",GC.DOD.TOTL.GD.ZS,,,,,,,,,,,,,,,,,,,,,,,,,,,,,,,,,,,,,,,,,,,,,,,,,,,,,,,,,,,,,,,
Lithuania,LTU,"Central government debt, total (% of GDP)",GC.DOD.TOTL.GD.ZS,,,,,,,,,,,,,,,,,,,,,,,,,,,,,,,,,,,,,,,27.61624746,31.07856604,32.69302355,31.73420722,30.52248233,27.26441496,26.13179745,23.93573132,20.82323787,17.68951867,14.76887968,30.74369033,41.22611774,41.05385583,47.1986084,44.83591552,48.3320103,49.64569145,47.74169422,44.98085771,38.98985364,42.60338617,53.31407435,48.62701932,
Luxembourg,LUX,"Central government debt, total (% of GDP)",GC.DOD.TOTL.GD.ZS,,,,,,,,,,,,,,,,,,,,,,,,,,,,,,,2.520160788,1.956575018,2.622157604,2.901345146,,,,,,,,,,,,,,,,,,,,,,,,,,,,,
Latvia,LVA,"Central government debt, total (% of GDP)",GC.DOD.TOTL.GD.ZS,,,,,,,,,,,,,,,,,,,,,,,,,,,,,,,,,,,,,,,,,,,,,,,,,,,,,,,,,,,,,,,
"Macao SAR, China",MAC,"Central government debt, total (% of GDP)",GC.DOD.TOTL.GD.ZS,,,,,,,,,,,,,,,,,,,,,,,,,,,,,,,,,,,,,,,,,,,,,,,,,,,,,,,,,,,,,,,
St. Martin (French part),MAF,"Central government debt, total (% of GDP)",GC.DOD.TOTL.GD.ZS,,,,,,,,,,,,,,,,,,,,,,,,,,,,,,,,,,,,,,,,,,,,,,,,,,,,,,,,,,,,,,,
Morocco,MAR,"Central government debt, total (% of GDP)",GC.DOD.TOTL.GD.ZS,,,,,,,,,,,,,,,,,,,,,,,,,,,,,,,87.19675998,62.06741628,70.93786898,74.12313156,69.82591552,68.39491528,,64.46241514,55.01247083,55.44498073,,,48.47507862,,,53.66629657,49.57461006,46.30353808,41.28513147,43.62574348,47.09826567,51.22632157,,,,,,,,,,,
Monaco,MCO,"Central government debt, total (% of GDP)",GC.DOD.TOTL.GD.ZS,,,,,,,,,,,,,,,,,,,,,,,,,,,,,,,,,,,,,,,,,,,,,,,,,,,,,,,,,,,,,,,
Moldova,MDA,"Central government debt, total (% of GDP)",GC.DOD.TOTL.GD.ZS,,,,,,,,,,,,,,,,,,,,,,,,,,,,,,,,,,,,37.62866114,40.12318209,48.08693531,82.83278227,77.89845339,73.01886856,60.77464326,59.55925064,52.53376299,51.9542957,32.42510358,29.17929124,23.23956579,18.44251613,27.63222644,21.93256126,19.76667393,20.34713935,19.91795216,21.06600707,23.31358332,32.24744661,29.66749634,27.51077817,25.45101191,33.95557522,32.11877906,34.52131787
Madagascar,MDG,"Central government debt, total (% of GDP)",GC.DOD.TOTL.GD.ZS,,,,,,,,,,,,,,,,,,,,,,,,,,,,,,,,,,,,,,,,,,,,,,,,,,,,,,,,,,,,,,,
Maldives,MDV,"Central government debt, total (% of GDP)",GC.DOD.TOTL.GD.ZS,,,,,,,,,,,,,,,,,,,,,,,,,,,,,,,30.78233776,35.57346955,41.61546381,45.55156113,44.21170024,47.35205809,43.03527636,39.67038773,40.98673597,40.12629842,40.86440999,31.23087034,33.59083783,30.35237706,27.27304261,33.92711513,29.5408843,29.18427777,30.3431523,46.1935516,,,,,,,,,,,,,
Middle East & North Africa,MEA,"Central government debt, total (% of GDP)",GC.DOD.TOTL.GD.ZS,,,,,,,,,,,,,,,,,,,,,,,,,,,,,,,,,,,,,,,,,,,,,,,,,,,,,,,,,,,,,,,
Mexico,MEX,"Central government debt, total (% of GDP)",GC.DOD.TOTL.GD.ZS,,,,,,,,,,,,,,,,,,,,,,,,,,,,,,,46.62685739,38.21823649,28.14705402,19.24417333,26.8438814,30.74349889,23.93234683,19.74050527,21.00821738,19.47852446,18.19186334,,,,,,,,,,,,,,,,,,,41.29236566,45.85058338,44.8919004,
Marshall Islands,MHL,"Central government debt, total (% of GDP)",GC.DOD.TOTL.GD.ZS,,,,,,,,,,,,,,,,,,,,,,,,,,,,,,,,,,,,,,,,,,,,,,,,,71.85047589,72.18636361,69.21584409,56.32600248,52.67220796,53.00929756,49.62200948,47.66797543,48.58151268,47.95213567,44.11518709,41.7255807,,,
Middle income,MIC,"Central government debt, total (% of GDP)",GC.DOD.TOTL.GD.ZS,,,,,,,,,,,,,,,,,,,,,,,,,,,,,,,,,,,,,,,,,,,,,,,,,,,,,,,,,,,,,,,
North Macedonia,MKD,"Central government debt, total (% of GDP)",GC.DOD.TOTL.GD.ZS,,,,,,,,,,,,,,,,,,,,,,,,,,,,,,,,,,,,,,,,,,,,,,,,,,,,,,,,,,,,,,,
Mali,MLI,"Central government debt, total (% of GDP)",GC.DOD.TOTL.GD.ZS,,,,,,,,,,,,,,,,,,,,,,,,,,,,,,,,,,,,,,,,,,,,,,,,,,,,,,,,,,,,,,,
Malta,MLT,"Central government debt, total (% of GDP)",GC.DOD.TOTL.GD.ZS,,,,,,,,,,,,,,,,,,,,,,,,,,,,,,,46.91169936,52.92658573,56.87790644,66.64051706,69.8052684,,,,,,,,,,,,,,,,,,,,,,,,,,,,
Myanmar,MMR,"Central government debt, total (% of GDP)",GC.DOD.TOTL.GD.ZS,,,,,,,,,,,,,,,,,,,,,,,,,,,,,,,,,,,,,,,,,,0,,,,,,,,,,,,,,,,,,,,,
Middle East & North Africa (excluding high income),MNA,"Central government debt, total (% of GDP)",GC.DOD.TOTL.GD.ZS,,,,,,,,,,,,,,,,,,,,,,,,,,,,,,,,,,,,,,,,,,,,,,,,,,,,,,,,,,,,,,,
Montenegro,MNE,"Central government debt, total (% of GDP)",GC.DOD.TOTL.GD.ZS,,,,,,,,,,,,,,,,,,,,,,,,,,,,,,,,,,,,,,,,,,,,,,,,,,,,,,,,,,,,,,,
Mongolia,MNG,"Central government debt, total (% of GDP)",GC.DOD.TOTL.GD.ZS,,,,,,,,,,,,,,,,,,,,,,,,,,,,,,,,,20.62167338,41.4415301,51.43452984,37.07128268,49.47963203,54.62757869,71.57533405,83.9144977,78.41832771,69.09979809,,,,,,,,,,,,,,,,,65.96531474,60.84403972,73.93678352,67.57101432,
Northern Mariana Islands,MNP,"Central government debt, total (% of GDP)",GC.DOD.TOTL.GD.ZS,,,,,,,,,,,,,,,,,,,,,,,,,,,,,,,,,,,,,,,,,,,,,,,,,,,,,,,,,,,,,,,
Mozambique,MOZ,"Central government debt, total (% of GDP)",GC.DOD.TOTL.GD.ZS,,,,,,,,,,,,,,,,,,,,,,,,,,,,,,,,,,,,,,,,,,,,,,,,,,,,,,,,,92.24244557,78.50460925,81.35371741,78.87834085,101.3909294,84.15696171,
Mauritania,MRT,"Central government debt, total (% of GDP)",GC.DOD.TOTL.GD.ZS,,,,,,,,,,,,,,,,,,,,,,,,,,,,,,,,,,,,,,,,,,,,,,,,,,,,,,,,,,,,,,,
Mauritius,MUS,"Central government debt, total (% of GDP)",GC.DOD.TOTL.GD.ZS,,,,,,,,,,,,,,,,,,,,,,,,,,,,,,,39.65035497,39.92494115,31.95600905,30.22576479,31.16254454,32.86860594,35.75067635,35.82355918,33.59505661,31.41047224,32.11744331,30.1952878,39.81749382,44.73734798,39.06336994,41.69269483,38.02889577,34.69344973,33.69887495,36.55647185,36.78737616,35.52041906,36.5088808,,,,,56.15751775,55.38179411,57.96166043,,,
Malawi,MWI,"Central government debt, total (% of GDP)",GC.DOD.TOTL.GD.ZS,,,,,,,,,,,,,,,,,,,,,,,,,,,,,,,,,,,,,,,,,,,,,,,,,,20.11517217,19.26083004,18.84554484,28.46199291,24.91388917,27.9207565,27.33464605,37.88620773,34.29462257,41.69501142,44.89325355,,,
Malaysia,MYS,"Central government debt, total (% of GDP)",GC.DOD.TOTL.GD.ZS,,,,,,,,,,,,,,,,,,,,,,,,,,,,,,,79.53661793,73.31932151,64.37729789,55.69183595,47.61972977,41.06970284,,,,,,,43.04733921,45.0766413,45.69663832,42.06755976,40.58839614,40.08812577,39.79970284,50.8357456,49.55982307,50.02868164,51.64643162,52.99925192,52.67584873,53.57446973,51.89052753,50.04967774,51.18591488,52.42135021,62.00672151,63.25878018,
North America,NAC,"Central government debt, total (% of GDP)",GC.DOD.TOTL.GD.ZS,,,,,,,,,,,,,,,,,,,,,,,,,,,,,,39.1284002,40.93394357,44.06159728,46.05014442,48.24614033,47.35348217,49.77966173,49.41381975,46.74803101,43.80604547,40.16212122,35.4422472,52.87181721,53.8869837,55.82530423,55.82035316,55.64433101,54.42780849,54.25108097,62.23610542,73.90828181,82.24815314,86.52211133,90.41139698,91.92033234,91.98584204,92.97310428,94.87722454,94.00203511,95.14134261,96.75450133,121.8614413,116.1715772,111.1201923
Namibia,NAM,"Central government debt, total (% of GDP)",GC.DOD.TOTL.GD.ZS,,,,,,,,,,,,,,,,,,,,,,,,,,,,,,,,,,,,,,,,,,,,,,,,117.5152611,1.101331412,0.277603199,1.606949193,7.450615063,-1.170725668,2.571864061,,4.667582356,5.284004082,5.436385894,5.494035207,4.640192681,,,
New Caledonia,NCL,"Central government debt, total (% of GDP)",GC.DOD.TOTL.GD.ZS,,,,,,,,,,,,,,,,,,,,,,,,,,,,,,,,,,,,,,,,,,,,,,,,,,,,,,,,,,,,,,,
Niger,NER,"Central government debt, total (% of GDP)",GC.DOD.TOTL.GD.ZS,,,,,,,,,,,,,,,,,,,,,,,,,,,,,,,,,,,,,,,,,,,,,,,,,,,,,,,,,,,,,,,
Nigeria,NGA,"Central government debt, total (% of GDP)",GC.DOD.TOTL.GD.ZS,,,,,,,,,,,,,,,,,,,,,,,,,,,,,,,,,,,,,,,,,,,,,,,,,,,,,,,,,,,,,,,
Nicaragua,NIC,"Central government debt, total (% of GDP)",GC.DOD.TOTL.GD.ZS,,,,,,,,,,,,,,,,,,,,,,,,,,,,,,,,,,,,,,,,,,,,,,,,,,,,,,,,,,,,,,,
Netherlands,NLD,"Central government debt, total (% of GDP)",GC.DOD.TOTL.GD.ZS,,,,,,,,,,,,,,,,,,,,,,,,,,,,,,,54.80317756,55.28956191,56.08873186,56.53138788,54.29444265,,,,,,,,,,,,,,,,,,,,,,,,,,,,
Norway,NOR,"Central government debt, total (% of GDP)",GC.DOD.TOTL.GD.ZS,,,,,,,,,,,,,,,,,,,,,,,,,,,,,,,19.84701165,18.59428139,22.34283163,31.56075338,30.75201562,,,,,,,,,,,,,,,,,,,,,,,,,,,,
Nepal,NPL,"Central government debt, total (% of GDP)",GC.DOD.TOTL.GD.ZS,,,,,,,,,,,,,,,,,,,,,,,,,,,,,,,52.62058095,64.91143044,61.65692299,63.68153823,66.54121,66.18364321,65.19788038,59.88242969,66.35144343,64.06810979,64.57331984,58.98914159,63.93546098,62.58819538,59.41566729,51.76462305,49.68696803,42.97866114,43.79998725,,33.86252123,,,,,,,,,31.77714735,39.04856313,39.92226864,
Nauru,NRU,"Central government debt, total (% of GDP)",GC.DOD.TOTL.GD.ZS,,,,,,,,,,,,,,,,,,,,,,,,,,,,,,,,,,,,,,,,,,,,,,,,,,,,,,,,,,,,,,,
New Zealand,NZL,"Central government debt, total (% of GDP)",GC.DOD.TOTL.GD.ZS,,,,,,,,,,,,,,,,,,,,,,,,,,,,,,,,,,,,,,,,,,,32.77638426,48.24533847,43.86751661,44.16984908,42.95248948,36.97535262,36.09600541,31.94142774,34.8105507,48.13696045,51.65769303,46.45032282,43.91554786,42.939841,41.41656867,38.66471282,36.62387217,32.75091437,46.14622249,50.98629335,54.26575864
OECD members,OED,"Central government debt, total (% of GDP)",GC.DOD.TOTL.GD.ZS,,,,,,,,,,,,,,,,,,,,,,,,,,,,,,,36.23082113,39.43988138,41.11315006,41.5499374,44.26037181,51.65682252,52.51043613,52.52155331,53.58896303,53.28029251,51.15713079,62.25905906,64.2805025,66.47515316,67.53163576,67.68327042,66.17102402,66.07126556,72.1790777,84.40908767,90.21703721,95.88981444,98.9243874,100.1270798,102.7099007,103.2463799,105.4774813,105.1074171,105.872222,105.6276892,126.790282,122.40126,
Oman,OMN,"Central government debt, total (% of GDP)",GC.DOD.TOTL.GD.ZS,,,,,,,,,,,,,,,,,,,,,,,,,,,,,,,,,,,,,,,,,,,,,,,,,,,,,,,,,,,,,,,
Other small states,OSS,"Central government debt, total (% of GDP)",GC.DOD.TOTL.GD.ZS,,,,,,,,,,,,,,,,,,,,,,,,,,,,,,,,,,,,,,,,,,,,,,,,,,,,,,,,,,,,,,,
Pakistan,PAK,"Central government debt, total (% of GDP)",GC.DOD.TOTL.GD.ZS,,,,,,,,,,,,,,,,,,,,,,,,,,,,,,,78.77253509,76.09082892,74.52857679,78.91019052,,,,,79.08469198,,55.03242161,,,,,,,,,,,,,,,,,,,,,,
Panama,PAN,"Central government debt, total (% of GDP)",GC.DOD.TOTL.GD.ZS,,,,,,,,,,,,,,,,,,,,,,,,,,,,,,,,,,,,,,,,,,,,,,,,,,,,,,,,,,,,,,,
Peru,PER,"Central government debt, total (% of GDP)",GC.DOD.TOTL.GD.ZS,,,,,,,,,,,,,,,,,,,,,,,,,,,,,,,189.2462856,78.21675121,80.14272904,70.61609845,55.49153471,,,,,,,,,,,,32.53945754,28.52881839,26.07632235,26.40086588,23.68179134,20.72021657,19.21665946,18.39442038,19.5653896,22.86555447,23.70625643,24.74833951,25.72900096,26.52660503,34.67231303,35.66061351,
Philippines,PHL,"Central government debt, total (% of GDP)",GC.DOD.TOTL.GD.ZS,,,,,,,,,,,,,,,,,,,,,,,,,,,,,,,45.00767451,43.58794931,46.26979037,58.83319795,49.41851146,53.47117815,46.55766342,48.69784833,58.28058291,52.83488971,58.5984332,59.26149558,64.71507455,71.1158091,71.6007252,65.70974312,58.79787399,51.57489163,52.43227093,52.40069313,50.19624148,48.80584812,49.1574552,47.14418186,43.42633894,,,,,,,,
Palau,PLW,"Central government debt, total (% of GDP)",GC.DOD.TOTL.GD.ZS,,,,,,,,,,,,,,,,,,,,,,,,,,,,,,,,,,,,,,,,,,,,,,,,,23.5870749,24.25406457,32.75150557,25.74922744,27.27185875,23.22138034,21.87733718,63.46476527,67.95786423,79.83135784,83.67651039,85.19386975,,,
Papua New Guinea,PNG,"Central government debt, total (% of GDP)",GC.DOD.TOTL.GD.ZS,,,,,,,,,,,,,,,,,,,,,,,,,,,,,,,48.95325401,46.6108276,44.86431447,44.32619013,53.54501564,53.66200139,55.6433691,62.40465563,66.35014609,63.53730092,57.74153126,68.26755673,69.73446013,,,,,,,,,,,,26.894612,29.87537774,33.7401901,32.68568941,36.674291,40.15359037,48.68010121,,
Poland,POL,"Central government debt, total (% of GDP)",GC.DOD.TOTL.GD.ZS,,,,,,,,,,,,,,,,,,,,,,,,,,,,,,,,,,,60.45439847,,,,,,,,,,,,,,,,,,,,,,,,,,,,
Pre-demographic dividend,PRE,"Central government debt, total (% of GDP)",GC.DOD.TOTL.GD.ZS,,,,,,,,,,,,,,,,,,,,,,,,,,,,,,,,,,,,,,,,,,,,,,,,,,,,,,,,,,,,,,,
Puerto Rico,PRI,"Central government debt, total (% of GDP)",GC.DOD.TOTL.GD.ZS,,,,,,,,,,,,,,,,,,,,,,,,,,,,,,,,,,,,,,,,,,,,,,,,,,,,,,,,,,,,,,,
"Korea, Dem. People's Rep.",PRK,"Central government debt, total (% of GDP)",GC.DOD.TOTL.GD.ZS,,,,,,,,,,,,,,,,,,,,,,,,,,,,,,,,,,,,,,,,,,,,,,,,,,,,,,,,,,,,,,,
Portugal,PRT,"Central government debt, total (% of GDP)",GC.DOD.TOTL.GD.ZS,,,,,,,,,,,,,,,,,,,,,,,,,,,,,,,,,,8.245737735,5.65740457,,,,,,,,,,,,,,,,,,,,,,,,,,,,
Paraguay,PRY,"Central government debt, total (% of GDP)",GC.DOD.TOTL.GD.ZS,,,,,,,,,,,,,,,,,,,,,,,,,,,,,,,,,,,,,,,,,,,,,,,,,,,,,,,,,,,,,,,
West Bank and Gaza,PSE,"Central government debt, total (% of GDP)",GC.DOD.TOTL.GD.ZS,,,,,,,,,,,,,,,,,,,,,,,,,,,,,,,,,,,,,,,,,,,,,,,,,,,,,,,,,,,,,,,
Pacific island small states,PSS,"Central government debt, total (% of GDP)",GC.DOD.TOTL.GD.ZS,,,,,,,,,,,,,,,,,,,,,,,,,,,,,,,,,,,,,,,,,,,,,,,,,,,,,,,,,,,,,,,
Post-demographic dividend,PST,"Central government debt, total (% of GDP)",GC.DOD.TOTL.GD.ZS,,,,,,,,,,,,,,,,,,,,,,,,,,,,,,,36.37404655,40.00530411,42.05714672,42.77550288,44.94596215,52.8164855,53.95416785,53.96686295,55.97460312,55.05042385,53.15428645,62.6681534,64.76350184,67.20844443,68.085198,68.06011382,66.47415212,66.33510377,73.12238488,85.4711622,91.38147003,97.28495382,100.267693,101.5740268,104.5985035,105.4703612,107.6633346,107.3286107,108.0618419,109.901241,132.1888213,127.8915909,
French Polynesia,PYF,"Central government debt, total (% of GDP)",GC.DOD.TOTL.GD.ZS,,,,,,,,,,,,,,,,,,,,,,,,,,,,,,,,,,,,,,,,,,,,,,,,,,,,,,,,,,,,,,,
Qatar,QAT,"Central government debt, total (% of GDP)",GC.DOD.TOTL.GD.ZS,,,,,,,,,,,,,,,,,,,,,,,,,,,,,,,,,,,,,,,,,,,,,,,,,,,,,,,,,,,,,,,
Romania,ROU,"Central government debt, total (% of GDP)",GC.DOD.TOTL.GD.ZS,,,,,,,,,,,,,,,,,,,,,,,,,,,,,,,,,,,,,,,29.48267523,30.00968683,27.84473453,28.52139083,27.78578395,25.05641484,21.65859994,19.35322537,16.29183289,17.61361466,18.33595512,28.23145055,34.13583726,37.24773345,40.38824264,43.88270067,46.26934363,45.16991522,47.279933,44.32707463,42.56210413,43.2052964,57.1106221,55.57224189,
Russian Federation,RUS,"Central government debt, total (% of GDP)",GC.DOD.TOTL.GD.ZS,,,,,,,,,,,,,,,,,,,,,,,,,,,,,,,,,,,,,,,143.9489995,100.7441377,62.14888887,48.98361534,41.35271686,,,16.66086845,9.89107286,7.158430117,6.495287438,8.697866335,9.098105645,8.641081944,8.551408593,9.06725564,11.20046128,13.54076578,14.24173958,16.32537412,16.16857899,17.27604844,22.99202104,20.9405403,
Rwanda,RWA,"Central government debt, total (% of GDP)",GC.DOD.TOTL.GD.ZS,,,,,,,,,,,,,,,,,,,,,,,,,,,,,,,49.79692027,47.8601031,48.42897426,,,,,,,,,,,,,,,,,,,,,,,,,,,,,,
South Asia,SAS,"Central government debt, total (% of GDP)",GC.DOD.TOTL.GD.ZS,,,,,,,,,,,,,,,,,,,,,,,,,,,,,,,55.10882588,54.35972404,53.79390673,56.08367211,51.37449695,49.3635521,47.59002596,51.71336232,54.64067189,53.02380822,56.41295917,58.2403083,61.48376793,60.99830025,63.93356696,63.09687785,60.56089573,58.28143827,57.09908128,56.35652587,52.03306699,52.18060926,51.27888416,51.00471534,50.61310194,50.8485924,47.68024481,47.62576916,46.56564716,,,,
Saudi Arabia,SAU,"Central government debt, total (% of GDP)",GC.DOD.TOTL.GD.ZS,,,,,,,,,,,,,,,,,,,,,,,,,,,,,,,,,,,,,,,,,,,,,,,,,,,,,,,,,,,,,,,
Sudan,SDN,"Central government debt, total (% of GDP)",GC.DOD.TOTL.GD.ZS,,,,,,,,,,,,,,,,,,,,,,,,,,,,,,,,,,,,,,,7.869491684,8.658732429,,,,,,,,,,,,,,,,,,,,,,,
Senegal,SEN,"Central government debt, total (% of GDP)",GC.DOD.TOTL.GD.ZS,,,,,,,,,,,,,,,,,,,,,,,,,,,,,,,,,,,,,,,,,,,,,,,,,,,,,,,,,,,,,,,
Singapore,SGP,"Central government debt, total (% of GDP)",GC.DOD.TOTL.GD.ZS,,,,,,,,,,,,,,,,,,,,,,,,,,,,,,,77.85531186,78.97732192,81.88275581,72.87963718,70.28183455,72.78049031,72.73533406,71.36072927,82.59911664,87.86037846,83.84229173,93.93631251,106.3325409,108.5899838,101.779019,94.96669378,82.83748054,77.2760743,96.40996475,106.3724683,101.4497824,104.7851838,107.8280936,99.44648886,99.60979867,103.3208398,109.0645877,109.3244136,110.7644223,127.8484784,152.0432613,153.7960968,
Solomon Islands,SLB,"Central government debt, total (% of GDP)",GC.DOD.TOTL.GD.ZS,,,,,,,,,,,,,,,,,,,,,,,,,,,,,,,,,,,,,,,,,,,,,,,,,,,,13.92680834,11.59243936,10.1052824,8.720339804,6.737625634,6.259588741,8.402457923,7.685645856,7.74418283,11.46390032,,
Sierra Leone,SLE,"Central government debt, total (% of GDP)",GC.DOD.TOTL.GD.ZS,,,,,,,,,,,,,,,,,,,,,,,,,,,,,,,,,,,,,,,,,,,,,,,,,,,,,,,,,,,,,,,
El Salvador,SLV,"Central government debt, total (% of GDP)",GC.DOD.TOTL.GD.ZS,,,,,,,,,,,,,,,,,,,,,,,,,,,,,,,,,,,,,,,24.65293389,28.19066346,27.37640894,35.37055254,62.44694538,57.91122341,56.5005963,56.21581168,50.51222227,48.48237248,48.42693762,58.14692057,57.49428662,54.56257098,54.85233981,62.39927679,50.83795443,51.27840327,52.06565617,55.24851882,52.21428201,53.87903936,70.35918056,65.54800409,
San Marino,SMR,"Central government debt, total (% of GDP)",GC.DOD.TOTL.GD.ZS,,,,,,,,,,,,,,,,,,,,,,,,,,,,,,,,,,,,,,,,,,,12.73482815,26.5286654,31.92336779,39.34232543,47.76561176,47.45096013,46.86853833,46.60740073,54.97249266,44.82937546,51.21772188,54.02301355,53.32455944,56.93022907,57.32808753,54.59344477,55.94045509,55.0853181,98.34762147,95.12009922,
Somalia,SOM,"Central government debt, total (% of GDP)",GC.DOD.TOTL.GD.ZS,,,,,,,,,,,,,,,,,,,,,,,,,,,,,,,,,,,,,,,,,,,,,,,,,,,,,,,,,,,,,,,
Serbia,SRB,"Central government debt, total (% of GDP)",GC.DOD.TOTL.GD.ZS,,,,,,,,,,,,,,,,,,,,,,,,,,,,,,,,,,,,,,,,,,,,,,,,,,,,,,,,,,,,,,,
Sub-Saharan Africa (excluding high income),SSA,"Central government debt, total (% of GDP)",GC.DOD.TOTL.GD.ZS,,,,,,,,,,,,,,,,,,,,,,,,,,,,,,,,,,,,,,,,,,,,,,,,,,,,,,,,,,,,,,,
South Sudan,SSD,"Central government debt, total (% of GDP)",GC.DOD.TOTL.GD.ZS,,,,,,,,,,,,,,,,,,,,,,,,,,,,,,,,,,,,,,,,,,,,,,,,,,,,,,,,,,,,,,,
Sub-Saharan Africa,SSF,"Central government debt, total (% of GDP)",GC.DOD.TOTL.GD.ZS,,,,,,,,,,,,,,,,,,,,,,,,,,,,,,,,,,,,,,,,,,,,,,,,,,,,,,,,,,,,,,,
Small states,SST,"Central government debt, total (% of GDP)",GC.DOD.TOTL.GD.ZS,,,,,,,,,,,,,,,,,,,,,,,,,,,,,,,,,,,,,,,,,,,,,,,,,,,,,,,,,,,,,,,
Sao Tome and Principe,STP,"Central government debt, total (% of GDP)",GC.DOD.TOTL.GD.ZS,,,,,,,,,,,,,,,,,,,,,,,,,,,,,,,,,,,,,,,,,,,,,,,,,,,,,,,,,,,,,,,
Suriname,SUR,"Central government debt, total (% of GDP)",GC.DOD.TOTL.GD.ZS,,,,,,,,,,,,,,,,,,,,,,,,,,,,,,,,,,,,,,,,,,,,,,,,,,,,,,,,,,,,,,,
Slovak Republic,SVK,"Central government debt, total (% of GDP)",GC.DOD.TOTL.GD.ZS,,,,,,,,,,,,,,,,,,,,,,,,,,,,,,,,,,,,,,,37.06398228,47.43738583,53.94445171,53.36995841,47.47811516,45.67213181,44.10518805,38.61380134,36.60979828,34.99149159,34.03770555,42.04436507,45.56012091,48.58053773,58.48775229,63.21077128,65.8810865,64.83448553,66.41586188,64.35388113,63.78348018,63.1502033,78.41070879,79.30832197,
Slovenia,SVN,"Central government debt, total (% of GDP)",GC.DOD.TOTL.GD.ZS,,,,,,,,,,,,,,,,,,,,,,,,,,,,,,,,,,,,,,,,,,,,,,,,,,,,,,,,,,,,,,,
Sweden,SWE,"Central government debt, total (% of GDP)",GC.DOD.TOTL.GD.ZS,,,,,,,,,,,,,,,,,,,,,,,,,,,,,,,,31.99348606,36.61367722,49.95592763,57.52924221,,85.68288018,87.96572409,87.86634803,77.83906692,70.27831726,60.86975797,59.47271638,58.18007502,57.59725305,57.86921908,51.63242856,45.69496892,45.64558959,46.92348512,43.3019148,43.68472373,43.51024796,45.16954245,49.45450857,47.43432063,46.18805621,43.94756085,42.2624001,38.67170969,43.99405145,40.47896696,
Eswatini,SWZ,"Central government debt, total (% of GDP)",GC.DOD.TOTL.GD.ZS,,,,,,,,,,,,,,,,,,,,,,,,,,,,,,,,,,,,,,,,,,,,,,,,,,,,,,,,,,,,,,,
Sint Maarten (Dutch part),SXM,"Central government debt, total (% of GDP)",GC.DOD.TOTL.GD.ZS,,,,,,,,,,,,,,,,,,,,,,,,,,,,,,,,,,,,,,,,,,,,,,,,,,,,,,,,,,,,,,,
Seychelles,SYC,"Central government debt, total (% of GDP)",GC.DOD.TOTL.GD.ZS,,,,,,,,,,,,,,,,,,,,,,,,,,,,,,,,,,,,,,,,,,,,,,,,,174.6843865,100.0125437,74.43421216,79.33062548,75.96333221,51.67414387,66.62465805,62.70602346,,,,,,,
Syrian Arab Republic,SYR,"Central government debt, total (% of GDP)",GC.DOD.TOTL.GD.ZS,,,,,,,,,,,,,,,,,,,,,,,,,,,,,,,,,,,,,,,,,,,,,,,,,,,,,,,,,,,,,,,
Turks and Caicos Islands,TCA,"Central government debt, total (% of GDP)",GC.DOD.TOTL.GD.ZS,,,,,,,,,,,,,,,,,,,,,,,,,,,,,,,,,,,,,,,,,,,,,,,,,,,,,,,,,,,,,,,
Chad,TCD,"Central government debt, total (% of GDP)",GC.DOD.TOTL.GD.ZS,,,,,,,,,,,,,,,,,,,,,,,,,,,,,,,,,,,,,,,,,,,,,,,,,,,,,,,,,,,,,,,
East Asia & Pacific (IDA & IBRD countries),TEA,"Central government debt, total (% of GDP)",GC.DOD.TOTL.GD.ZS,,,,,,,,,,,,,,,,,,,,,,,,,,,,,,,,,,,,,,,,,,,,,,,,,,,,,,,,,,,,,,,
Europe & Central Asia (IDA & IBRD countries),TEC,"Central government debt, total (% of GDP)",GC.DOD.TOTL.GD.ZS,,,,,,,,,,,,,,,,,,,,,,,,,,,,,,,,,,,,,,,95.93730379,,,,,,,,,,18.48681217,23.3047768,22.42846568,21.88758241,21.55498234,20.7182794,23.13755403,24.42118319,25.30819891,25.74455175,25.16906655,26.58187378,33.46176826,31.26390656,
Togo,TGO,"Central government debt, total (% of GDP)",GC.DOD.TOTL.GD.ZS,,,,,,,,,,,,,,,,,,,,,,,,,,,,,,,,,,,,,,,,,,,,,,,,,,,,,,,,,,,,,,,
Thailand,THA,"Central government debt, total (% of GDP)",GC.DOD.TOTL.GD.ZS,,,,,,,,,,,,,,,,,,,,,,,,,,,,,,0,18.44775385,13.36556734,10.87899516,8.186243537,5.693219737,4.610094712,3.673497457,4.641520409,10.66985739,20.00577892,21.96458651,24.57833404,30.07035627,27.04601837,24.3963998,25.45812828,24.38065915,22.99346683,22.45021726,26.7791952,26.90084554,28.1319763,28.44471602,40.06185329,36.49665132,37.86886742,38.48944058,,39.24916592,40.14037312,50.32324742,58.55923136,
Tajikistan,TJK,"Central government debt, total (% of GDP)",GC.DOD.TOTL.GD.ZS,,,,,,,,,,,,,,,,,,,,,,,,,,,,,,,,,,,,,,,,,114.076118,79.80407988,,,,,,,,,,,,,,,,,,,,,
Turkmenistan,TKM,"Central government debt, total (% of GDP)",GC.DOD.TOTL.GD.ZS,,,,,,,,,,,,,,,,,,,,,,,,,,,,,,,,,,,,,,,,,,,,,,,,,,,,,,,,,,,,,,,
Latin America & the Caribbean (IDA & IBRD countries),TLA,"Central government debt, total (% of GDP)",GC.DOD.TOTL.GD.ZS,,,,,,,,,,,,,,,,,,,,,,,,,,,,,,,,,,,,,,,,,,,,,,,,,,,,,,,,,,,,70.73926443,77.71064826,69.82769974,
Timor-Leste,TLS,"Central government debt, total (% of GDP)",GC.DOD.TOTL.GD.ZS,,,,,,,,,,,,,,,,,,,,,,,,,,,,,,,,,,,,,,,,,,,,,,,,,,,,,,,,,,,,,,,
Middle East & North Africa (IDA & IBRD countries),TMN,"Central government debt, total (% of GDP)",GC.DOD.TOTL.GD.ZS,,,,,,,,,,,,,,,,,,,,,,,,,,,,,,,,,,,,,,,,,,,,,,,,,,,,,,,,,,,,,,,
Tonga,TON,"Central government debt, total (% of GDP)",GC.DOD.TOTL.GD.ZS,,,,,,,,,,,,,,,,,,,,,,,,,,,,,,,,,,,,,,,,,,,,,,,,,,,,,,49.03808398,47.4764851,51.17607992,49.4146055,,,,,,
South Asia (IDA & IBRD),TSA,"Central government debt, total (% of GDP)",GC.DOD.TOTL.GD.ZS,,,,,,,,,,,,,,,,,,,,,,,,,,,,,,,55.10882588,54.35972404,53.79390673,56.08367211,51.37449695,49.3635521,47.59002596,51.71336232,54.64067189,53.02380822,56.41295917,58.2403083,61.48376793,60.99830025,63.93356696,63.09687785,60.56089573,58.28143827,57.09908128,56.35652587,52.03306699,52.18060926,51.27888416,51.00471534,50.61310194,50.8485924,47.68024481,47.62576916,46.56564716,,,,
Sub-Saharan Africa (IDA & IBRD countries),TSS,"Central government debt, total (% of GDP)",GC.DOD.TOTL.GD.ZS,,,,,,,,,,,,,,,,,,,,,,,,,,,,,,,,,,,,,,,,,,,,,,,,,,,,,,,,,,,,,,,
Trinidad and Tobago,TTO,"Central government debt, total (% of GDP)",GC.DOD.TOTL.GD.ZS,,,,,,,,,,,,,,,,,,,,,,,,,,,,,,,,,,,,,,,,,,,,,,,16.80320685,15.92800424,,,,,,,,,,,,,,,
Tunisia,TUN,"Central government debt, total (% of GDP)",GC.DOD.TOTL.GD.ZS,,,,,,,,,,,,,,,,,,,,,,,,,,,,,,,54.7703801,60.67271881,55.49913175,59.30982746,59.03451416,57.51826787,55.29651794,56.93532781,54.28174403,55.63863638,56.72127583,56.46781997,55.934434,55.02131557,53.83755809,52.42052972,48.56391046,45.7824705,43.28770543,42.92979215,38.7660003,42.48072245,42.5197543,,,,,,,,,,
Turkiye,TUR,"Central government debt, total (% of GDP)",GC.DOD.TOTL.GD.ZS,,,,,,,,,,,,,,,,,,,,,,,,,,,,,,,30.2454942,32.12991113,34.01727506,33.69822326,44.01750571,35.84140076,37.92075014,44.29328872,30.296628,,,,,,,,,,40.88917536,48.47102586,45.14531479,40.07695381,37.96022912,32.12164528,31.34641668,29.00567489,30.03332723,29.66707698,29.2112895,33.90480027,41.80164017,42.57572084,35.24579457
Tuvalu,TUV,"Central government debt, total (% of GDP)",GC.DOD.TOTL.GD.ZS,,,,,,,,,,,,,,,,,,,,,,,,,,,,,,,,,,,,,,,,,,,,,,,,,,,,,,,,,,,,,,,
Tanzania,TZA,"Central government debt, total (% of GDP)",GC.DOD.TOTL.GD.ZS,,,,,,,,,,,,,,,,,,,,,,,,,,,,,,,,,,,,,,,,,,,,,,,,,,,,,,,,,,,,,,,
Uganda,UGA,"Central government debt, total (% of GDP)",GC.DOD.TOTL.GD.ZS,,,,,,,,,,,,,,,,,,,,,,,,,,,,,,,,,,,,,,,,,,,,,,,,,,,,,,,,,,,34.67357099,38.47694531,44.18591431,51.30266235,
Ukraine,UKR,"Central government debt, total (% of GDP)",GC.DOD.TOTL.GD.ZS,,,,,,,,,,,,,,,,,,,,,,,,,,,,,,,,,,,,,,,,60.9764493,43.72978743,,,,,,,,13.22995421,23.99003423,28.86663662,26.48082017,32.44591172,35.63139959,63.66531919,70.25883762,71.80954545,66.73464651,56.90595067,48.3272696,58.71618507,,
Upper middle income,UMC,"Central government debt, total (% of GDP)",GC.DOD.TOTL.GD.ZS,,,,,,,,,,,,,,,,,,,,,,,,,,,,,,,,,,,,,,,,,,,,,,,,,,,,,,,,,,,,,,,
Uruguay,URY,"Central government debt, total (% of GDP)",GC.DOD.TOTL.GD.ZS,,,,,,,,,,,,,,,,,,,,,,,,,,,,,,,31.59596304,24.59057576,23.60477732,21.87914304,24.53018807,,,,,,,40.64333486,95.26786072,105.6027809,85.42559412,76.11445971,68.46070459,57.55998188,55.86657947,47.69550144,42.46663881,43.20741688,41.02823475,40.08849438,41.28500074,47.27655851,46.45846687,45.07438521,47.44421691,50.27181074,60.28037332,,
United States,USA,"Central government debt, total (% of GDP)",GC.DOD.TOTL.GD.ZS,,,,,,,,,,,,,,,,,,,,,,,,,,,,,,39.1284002,40.93394357,44.06159728,46.05014442,48.24614033,47.35348217,47.20953529,46.74176855,44.11746983,41.12914898,37.72727827,33.26765486,52.44367633,53.86251404,56.25040459,56.6622864,56.53884791,55.46733576,55.65992611,63.81512982,75.8420483,84.96441099,89.54681703,93.64926176,95.53468821,95.76669869,96.42522795,98.50410172,97.69293636,99.06097612,100.8050422,126.2433005,120.3614756,115.6966316
Uzbekistan,UZB,"Central government debt, total (% of GDP)",GC.DOD.TOTL.GD.ZS,,,,,,,,,,,,,,,,,,,,,,,,,,,,,,,,,,,,,,,,,,,,,,,,,,,,,,,,,,,,,,,
St. Vincent and the Grenadines,VCT,"Central government debt, total (% of GDP)",GC.DOD.TOTL.GD.ZS,,,,,,,,,,,,,,,,,,,,,,,,,,,,,,,31.52590949,31.58246614,33.63180898,40.70993364,43.26406306,43.35341413,41.60800876,39.38316045,40.0388592,51.94608224,47.91189059,45.51155331,49.55342689,52.48280632,56.31325012,54.27042394,51.31649309,43.85712232,43.51450831,53.69823988,,,,,,,,,,,,,
"Venezuela, RB",VEN,"Central government debt, total (% of GDP)",GC.DOD.TOTL.GD.ZS,,,,,,,,,,,,,,,,,,,,,,,,,,,,,,,,,,,,,,,,,,,,,,,,,,,,,,,,,,,,,,,
British Virgin Islands,VGB,"Central government debt, total (% of GDP)",GC.DOD.TOTL.GD.ZS,,,,,,,,,,,,,,,,,,,,,,,,,,,,,,,,,,,,,,,,,,,,,,,,,,,,,,,,,,,,,,,
Virgin Islands (U.S.),VIR,"Central government debt, total (% of GDP)",GC.DOD.TOTL.GD.ZS,,,,,,,,,,,,,,,,,,,,,,,,,,,,,,,,,,,,,,,,,,,,,,,,,,,,,,,,,,,,,,,
Viet Nam,VNM,"Central government debt, total (% of GDP)",GC.DOD.TOTL.GD.ZS,,,,,,,,,,,,,,,,,,,,,,,,,,,,,,,,,,,,,,,,,,,,,,,,,,,,,,,,,,,,,,,
Vanuatu,VUT,"Central government debt, total (% of GDP)",GC.DOD.TOTL.GD.ZS,,,,,,,,,,,,,,,,,,,,,,,,,,,,,,,23.41696596,,,,,24.18345079,22.3390411,23.35316079,28.40314527,27.30321163,,,,,,,,,,,,,,,,,,,,,,,
World,WLD,"Central government debt, total (% of GDP)",GC.DOD.TOTL.GD.ZS,,,,,,,,,,,,,,,,,,,,,,,,,,,,,,,,,,,,,,,,,,,,,,,,,,,,,,,,,,,,,,,
Samoa,WSM,"Central government debt, total (% of GDP)",GC.DOD.TOTL.GD.ZS,,,,,,,,,,,,,,,,,,,,,,,,,,,,,,,,,,,,,,,,,,,,,,,,,,,,,,,,,,,,,,,
Kosovo,XKX,"Central government debt, total (% of GDP)",GC.DOD.TOTL.GD.ZS,,,,,,,,,,,,,,,,,,,,,,,,,,,,,,,,,,,,,,,,,,,,,,,,,,,,,,,,,,,,,,,
"Yemen, Rep.",YEM,"Central government debt, total (% of GDP)",GC.DOD.TOTL.GD.ZS,,,,,,,,,,,,,,,,,,,,,,,,,,,,,,,,,,,,,,,,,,,,,,,,,,,,,,,,,,,,,,,
South Africa,ZAF,"Central government debt, total (% of GDP)",GC.DOD.TOTL.GD.ZS,,,,,,,,,,,,,,,,,,,,,,,,,,,,,,,32.39719496,33.91359083,36.9022311,39.95077209,44.81696974,44.86861899,44.22987592,43.175546,44.65426177,42.1780316,39.63905838,,,,,,,,,,,,,,,52.65115724,53.73879139,56.25972084,59.10231141,64.58927814,77.37758146,75.41888593,
Zambia,ZMB,"Central government debt, total (% of GDP)",GC.DOD.TOTL.GD.ZS,,,,,,,,,,,,,,,,,,,,,,,,,,,,,,,244.3805364,277.530308,164.7007536,161.7860769,149.2098899,155.2792246,175.9344907,150.0725489,161.2321579,,,,,,,,,,,,17.32151148,18.04990936,23.48891928,24.22399414,44.39586759,49.40734735,46.43289358,52.28094184,59.71222117,61.93011738,103.6982424,71.41117616,
Zimbabwe,ZWE,"Central government debt, total (% of GDP)",GC.DOD.TOTL.GD.ZS,,,,,,,,,,,,,,,,,,,,,,,,,,,,,,,,,,,,,,,,,,,,,,,,,,,,,,,,,,,,,,,
